L,R
Cxcl12,Ackr3
Cxcl11,Ackr3
Cxcl12,Cxcr3
Cxcl11,Cxcr3
Ccl19,Cxcr3
Ccl19,Cxcr3
CR974586.2,Cxcr3
CR974586.4,Cxcr3
Ccl20,Cxcr3
Cxcl10,Cxcr3
Cxcl9,Cxcr3
Cxcl12,Cxcr4
Cxcl12,Dpp4
Cxcl11,Dpp4
Cxcl10,Dpp4
Cxcl9,Dpp4
Ccl11,Dpp4
Gcg,Dpp4
Nppb,Dpp4
Vip,Dpp4
Gip,Dpp4
Ccl22,Dpp4
Adcyap1,Dpp4
Ccl19,Ccrl2
Ccl19,Ccrl2
CR974586.2,Ccrl2
CR974586.4,Ccrl2
Ccl19,Ackr4
Ccl19,Ackr4
CR974586.2,Ackr4
CR974586.4,Ackr4
Gm13304,Ackr4
Ccl21d,Ackr4
Ccl21c,Ackr4
Ccl21a,Ackr4
Ccl21a,Ackr4
Ccl21b,Ackr4
Ccl21b,Ackr4
Gm10591,Ackr4
Ccl21b,Ackr4
Cxcl13,Ackr4
Ccl19,Ccr7
Ccl19,Ccr7
CR974586.2,Ccr7
CR974586.4,Ccr7
Gm13304,Ccr7
Ccl21d,Ccr7
Ccl21c,Ccr7
Ccl21a,Ccr7
Ccl21a,Ccr7
Ccl21b,Ccr7
Ccl21b,Ccr7
Gm10591,Ccr7
Ccl21b,Ccr7
Ccl20,Ccr6
Nrg1,Ms4a4a
Ccl5,Ccr1
Ccl5,Ccr1l1
Ccl3,Ccr1
Ccl3,Ccr1l1
Ccl7,Ccr1
Ccl7,Ccr1l1
Ccl3,Ccr1
Ccl3,Ccr1l1
Ccl8,Ccr1
Ccl8,Ccr1l1
Ccl12,Ccr1
Ccl12,Ccr1l1
Ccl6,Ccr1
Ccl6,Ccr1l1
Ccl9,Ccr1
Ccl9,Ccr1l1
Ccl6,Ccr1
Ccl6,Ccr1l1
Ccl9,Ccr1
Ccl9,Ccr1l1
Ccl5,Ccr3
Ccl11,Ccr3
Ccl7,Ccr3
Ccl8,Ccr3
Ccl12,Ccr3
Ccl6,Ccr3
Ccl9,Ccr3
Ccl24,Ccr3
Ccl28,Ccr3
Ccl5,Ackr2
Ccl7,Ackr2
Ccl3,Ackr2
Ccl8,Ackr2
Ccl12,Ackr2
Ccl4,Ackr2
Ccl5,Gpr75
Cdh1,Itgb7
Cdh1,Itgae
Cdh1,Mafa
Ccl5,Ackr1
Ccl22,Ccr4
Ccl17,Ccr4
Ccl5,Ccr5
Ccl7,Ccr5
Ccl3,Ccr5
Ccl8,Ccr5
Ccl12,Ccr5
Fn1,Itgb1
Fn1,Itgav
Fn1,Itgb3
Fn1,Itga2b
Fn1,Itgb7
Fn1,Itga4
Fn1,Itga2
Fn1,Itga3
Fn1,Itga8
Fn1,Itga10
Fn1,Itga11
Fn1,Itga5
Fn1,Itgb5
Fbn1,Itgb1
Fbn1,Itga5
C3,Itgb2
C3,Itgam
C3,Gm49368
Nrg1,Egfr
Tgfa,Egfr
Hbegf,Egfr
Egf,Egfr
Btc,Egfr
Ereg,Egfr
Areg,Egfr
Epgn,Egfr
Fasl,Tnfrsf1a
Hbegf,Cd44
Spp1,Cd44
Cd44,Sele
F2,Itgav
F2,Itgb3
F2,Itga2b
F2,Gp1ba
Il5,Csf2rb
Il5,Csf2rb2
Il5,Il5ra
Cxcl5,Cxcr1
Ppbp,Cxcr2
Cxcl5,Cxcr2
Plg,Itga2b
Plg,Itgb3
Vcam1,Itgb7
Vcam1,Itga4
Vcam1,Itgb2
Vcam1,Itgad
Vcam1,Itgb1
Vcam1,Itga9
Gh,Prlr
Gh,Gm21973
Prl,Prlr
Prl,Gm21973
Csf1,Csf1r
Csf3,Csf1r
Csf2,Csf1r
Il34,Csf1r
Col1a1,Itgb1
Col1a1,Itga2
Col1a1,Itga10
Col1a1,Itga11
Col1a1,Itga1
Tgfb1,Egfr
Tgfb1,Itgav
Tgfb1,Itgb6
Tgfb1,Tgfbr1
Tgfb1,Tgfbr2
Tgfb1,Acvr1
Tgfb1,Tgfbr3
Ttr,Ager
Il1b,Il1r2
Il1b,Il1rap
Il1b,Il1r1
App,Cd74
Vegfa,Nrp2
Vegfa,Kdr
Vegfa,Flt1
Tnf,Fas
Fasl,Fas
Il10,Il10ra
Il10,Il10rb
Il10,Gm21970
Ccl2,Ackr1
Ccl2,Ackr2
Ulbp1,Klrk1
Ulbp1,Hcst
Tnfsf10,Ripk1
Il1a,Il1r2
Il1a,Il1rap
Il1a,Il1r1
Col4a1,Itgb1
Col4a1,Itga2
Col4a1,Itga10
Col4a1,Itga11
Col4a1,Itga1
Il2,Il2rb
Il2,Il2rg
Il2,Gm20489
Il2,Il2ra
Selp,Cd34
F10,Itgb2
F10,Itgam
F10,Gm49368
Col4a2,Itgb1
Col4a2,Itga2
Col4a2,Itga10
Col4a2,Itga11
Col4a2,Itga1
Cd209a,Ceacam10
Cd209a,Ceacam2
Cd209a,Ceacam1
Cd209d,Ceacam10
Cd209d,Ceacam2
Cd209d,Ceacam1
Cd209c,Ceacam10
Cd209c,Ceacam2
Cd209c,Ceacam1
Cd209e,Ceacam10
Cd209e,Ceacam2
Cd209e,Ceacam1
Cd209b,Ceacam10
Cd209b,Ceacam2
Cd209b,Ceacam1
Ccl11,Ccr2
Ccl7,Ccr2
Ccl8,Ccr2
Ccl12,Ccr2
Ccl24,Ccr2
Ccl2,Ccr2
Tnfsf13b,Cd40
Cd40lg,Cd40
Tnf,Tnfrsf1a
Grn,Tnfrsf1a
Lta,Tnfrsf1a
Ntf3,Ngfr
Ngf,Ngfr
Ntf5,Ngfr
Bdnf,Ngfr
Lck,Cd8a
Lck,Cd8b1
Cd38,Pecam1
Tnf,Ripk1
Lta,Ripk1
Ccn3,Notch1
Notch1,Jag1
Notch1,Dll1
Rif1,Notch1
Notch1,Dlk1
Jag2,Notch1
Notch1,Dll3
Dll4,Notch1
Hc,C5ar1
Mif,Cd74
Epha8,Efna3
Epha8,Efna5
Efna1,Epha8
Epha8,Efna4
Ccl11,Ackr2
Gcg,Glp2r
Gcg,Ide
Ccl3,Ide
Igf2,Ide
Nppb,Npr1
Nppa,Npr1
Nppb,Npr3
Nppc,Npr3
Ostn,Npr3
Nppb,Npr2
Nppc,Npr2
Ghrh,Vipr1
Vip,Vipr1
Sct,Vipr1
Ngf,Ntrk1
Cd22,Ptprc
Epo,Epor
Cd244a,Cd48
Mrc1,Ptprc
Pyy,Dpp4
Adcyap1,Sctr
Sct,Sctr
Adcyap1,Adcyap1r1
Pros1,Axl
Gas6,Axl
Gas6,Mertk
Hgf,Met
Vtn,Itgb1
Vtn,Itgav
Vtn,Itgb3
Vtn,Itga2b
Cd226,Pvr
Prr3,Pvr
Prr3,Tigit
Pvr,Cd96
Csf3,Csf3r
Csf2,Csf3r
Col8a1,Itgb1
Col8a1,Itga2
Col8a1,Itga10
Col8a1,Itga11
Col8a1,Itga1
Ntf5,Ntrk2
Ghrl,Tbxa2r
Adora1,Entpd1
Nmu,Nmur1
Nmu,Nmur2
Tnfsf12,Tnfrsf12a
Plxnb2,Sema4c
Ptn,Plxnb2
Plxnb2,Sema4d
Plxnb2,Sema4g
Epha2,Efna3
Epha2,Efna5
Efna1,Epha2
Epha2,Efna4
Ucn,Crhr2
Ucn2,Crhr2
Ucn3,Crhr2
Tnfsf14,Tnfrsf14
Mif,Tnfrsf14
Lta,Tnfrsf14
Tnfsf13,Tnfrsf14
Btla,Tnfrsf14
Tnfrsf14,Cd160
Col14a1,Itgb1
Col14a1,Itga2
Col14a1,Itga10
Col14a1,Itga11
Col14a1,Itga1
Wnt1,Cd36
Ttr,Ngfr
Tslp,Il7r
Tslp,Crlf2
Ephb4,Efnb1
Epo,Ephb4
Efnb2,Ephb4
Efnb3,Ephb4
Bdnf,F11r
Lamc1,Itgav
Lamc1,Itgb3
Lamc1,Itgb1
Lamc1,Itga2
Lamc1,Itga6
Lamc1,Itga7
Osm,Lifr
Osm,Il6st
Osm,Osmr
Il15,Il2rb
Il15,Il2rg
Il15,Gm20489
Ntf3,Ntrk3
Col4a6,Itgb1
Col4a6,Itga2
Col4a6,Itga10
Col4a6,Itga11
Col4a6,Itga1
Il7,Il7r
Il7,Il2rg
Il7,Gm20489
Dsg2,Dsc2
Igf2,Igf2r
Notch2,Jag1
Notch2,Dlk1
Jag2,Notch2
Notch2,Dll3
Dll4,Notch2
Il24,Notch2
Copa,Sort1
Wnt1,Ror2
Wnt5a,Fzd5
Wnt7a,Fzd5
Psap,Gpr37
Mst1,Mst1r
Tnf,Tnfrsf1b
Grn,Tnfrsf1b
Lta,Tnfrsf1b
Dsg1c,Dsc2
Dsg1b,Dsc2
Dsg1a,Dsc2
Icam1,Itgb2
Icam1,Itgam
Icam1,Gm49368
Icam1,Spn
Icam1,Itgal
Bdnf,Ntrk2
Col17a1,Itgb1
Col17a1,Itga2
Col17a1,Itga10
Col17a1,Itga11
Col17a1,Itga1
Thbs1,Itgav
Thbs1,Itgb3
Thbs1,Itga2b
Thbs1,Itgb1
Thbs1,Itga3
Sele,Selplg
Sele,Ceacam10
Sele,Ceacam2
Sele,Ceacam1
Notch3,Jag1
Notch3,Dll1
Notch3,Dlk1
Jag2,Notch3
Notch3,Dll3
Dll4,Notch3
Mdk,Lrp1
Mdk,Ptprz1
Gast,Cckbr
Cck,Cckbr
Ceacam10,Ceacam10
Ceacam10,Ceacam2
Ceacam10,Ceacam1
Ceacam2,Ceacam10
Ceacam2,Ceacam2
Ceacam2,Ceacam1
Ceacam1,Ceacam10
Ceacam1,Ceacam2
Ceacam1,Ceacam1
Ceacam10,Ceacam10
Ceacam10,Ceacam2
Ceacam10,Ceacam1
Ceacam2,Ceacam10
Ceacam2,Ceacam2
Ceacam2,Ceacam1
Ceacam1,Ceacam10
Ceacam1,Ceacam2
Ceacam1,Ceacam1
Vegfb,Adrb2
Vegfb,Flt1
Mmp2,Itgav
Mmp2,Itgb3
Cspg4,Itgb1
Cspg4,Itga3
Cd6,Alcam
Rspo1,Lgr4
Rspo2,Lgr4
Rspo3,Lgr4
Rspo4,Lgr4
Cd86,Cd28
Cxcl13,Cxcr5
Hc,C5ar2
Pdgfb,Lrp1
Pdgfb,Pdgfra
Pdgfb,Pdgfrb
Tnfsf14,Ltbr
Ltb,Ltbr
Tnf,Ltbr
Lta,Ltbr
Bmp10,Acvrl1
Bmp10,Bmpr2
Gdf2,Acvrl1
Gdf2,Bmpr2
Eda2r,Eda
Nrg1,Erbb4
Hbegf,Erbb4
Btc,Erbb4
Ereg,Erbb4
Nrg2,Erbb4
Nrg3,Erbb4
Nrg4,Erbb4
Nrg1,Erbb3
Btc,Erbb3
Nrg2,Erbb3
Igf2,Igf1r
Spp1,Itgav
Spp1,Itgb3
Spp1,Itgb1
Spp1,Itga4
Spp1,Itga9
Ccl3,Ccr3
Ccl28,Ccr10
Gm13306,Ccr10
Ccl27a,Ccr10
Ccl27a,Ccr10
Ccl27a,Ccr10
Ccl4,Ccr5
Pros1,Tyro3
Gas6,Tyro3
Fgf1,Flg
Fgf2,Flg
Fgf8,Flg
Fgf23,Flg
Epha3,Efna3
Epha3,Efna5
Efna1,Epha3
Epha3,Efna4
Epha4,Efna3
Epha4,Efnb1
Epha4,Efna5
Efna1,Epha4
Epha4,Efna4
Efnb2,Epha4
Efnb3,Epha4
Efna5,Ephb2
Cd46,Jag1
Sema7a,Plxnc1
Flt3l,Flt3
Itgb1,Cdh1
Itga2,Cdh1
Pomc,Mc1r
Fgf5,Flg
Fgf15,Flg
Ncam1,Flg
Il24,Il22ra1
Il24,Il20rb
Il24,Il20ra
Lama3,Itgb1
Lama3,Itga3
Tgfb2,Tgfbr1
Tgfb2,Tgfbr2
Tgfb2,Acvr1
Tnfsf13,Tnfrsf1a
Tnfsf13,Fas
Ptn,Ptprz1
Tgfb3,Tgfbr1
Tgfb3,Tgfbr2
Tgfb3,Acvr1
Tgfb3,Tgfbr3
Il6,Il6ra
Il6,Il6st
Vwf,Itgav
Vwf,Itgb3
Vwf,Gp1ba
Tnc,Itgav
Tnc,Itgb3
Tnc,Itgb1
Tnc,Itga4
Tnc,Itga8
Tnc,Itga9
Tnc,Itgb6
Omd,Itgav
Omd,Itgb3
Fga,Itga2b
Fga,Itgb3
Fgg,Itga2b
Fgg,Itgb3
Fgb,Itga2b
Fgb,Itgb3
Fga,Itgb2
Fga,Itgam
Fga,Gm49368
Fgg,Itgb2
Fgg,Itgam
Fgg,Gm49368
Fgb,Itgb2
Fgb,Itgam
Fgb,Gm49368
Fga,Itgax
Fgg,Itgax
Fgb,Itgax
Calca,Calcr
Adm,Calcr
Adm2,Calcr
Iapp,Calcr
Calcb,Calcr
Col3a1,Itgb1
Col3a1,Itga2
Col3a1,Itga10
Col3a1,Itga11
Col3a1,Itga1
Col5a1,Itgb1
Col5a1,Itga2
Col5a1,Itga10
Col5a1,Itga11
Col5a1,Itga1
Col2a1,Itgb1
Col2a1,Itga2
Col2a1,Itga10
Col2a1,Itga11
Col2a1,Itga1
Anxa1,Fpr1
Anxa1,Fpr-rs4
Anxa1,Fpr-rs3
Anxa1,Fpr-rs6
Anxa1,Fpr-rs7
Hebp1,Fpr-rs4
Hebp1,Fpr-rs3
Hebp1,Fpr-rs6
Hebp1,Fpr-rs7
Plxnd1,Sema4a
Sema3e,Plxnd1
Plxnb1,Sema4d
Icam4,Itgb2
Icam4,Itgal
Madcam1,Itgb7
Madcam1,Itga4
Col1a2,Itgb1
Col1a2,Itga2
Col1a2,Itga10
Col1a2,Itga11
Col1a2,Itga1
Pla2g2a,Itgb1
Pla2g2a,Itga4
Pla2g2a,Itga5
Selplg,Selp
Selplg,Sell
Fam3c,Clec2g
Fam3c,Clec2e
Fam3c,Clec2d
Fam3c,Clec2h
Fam3c,Clec2i
Grn,Sort1
Col9a2,Itgb1
Col9a2,Itga2
Col9a2,Itga10
Col9a2,Itga11
Col9a2,Itga1
Col4a5,Itgb1
Col4a5,Itga2
Col4a5,Itga10
Col4a5,Itga11
Col4a5,Itga1
Col6a2,Itgb1
Col6a2,Itga2
Col6a2,Itga10
Col6a2,Itga11
Col6a2,Itga1
Col9a1,Itgb1
Col9a1,Itga2
Col9a1,Itga10
Col9a1,Itga11
Col9a1,Itga1
Col16a1,Itgb1
Col16a1,Itga2
Col16a1,Itga10
Col16a1,Itga11
Col16a1,Itga1
Col6a3,Itgb1
Col6a3,Itga2
Col6a3,Itga10
Col6a3,Itga11
Col6a3,Itga1
Col6a6,Itgb1
Col6a6,Itga2
Col6a6,Itga10
Col6a6,Itga11
Col6a6,Itga1
Col6a5,Itgb1
Col6a5,Itga2
Col6a5,Itga10
Col6a5,Itga11
Col6a5,Itga1
Col5a2,Itgb1
Col5a2,Itga2
Col5a2,Itga10
Col5a2,Itga11
Col5a2,Itga1
Col11a1,Itgb1
Col11a1,Itga2
Col11a1,Itga10
Col11a1,Itga11
Col11a1,Itga1
Col6a1,Itgb1
Col6a1,Itga2
Col6a1,Itga10
Col6a1,Itga11
Col6a1,Itga1
Col11a2,Itgb1
Col11a2,Itga2
Col11a2,Itga10
Col11a2,Itga11
Col11a2,Itga1
Col8a2,Itgb1
Col8a2,Itga2
Col8a2,Itga10
Col8a2,Itga11
Col8a2,Itga1
Col5a3,Itgb1
Col5a3,Itga2
Col5a3,Itga10
Col5a3,Itga11
Col5a3,Itga1
Col15a1,Itgb1
Col15a1,Itga2
Col15a1,Itga10
Col15a1,Itga11
Col15a1,Itga1
Col18a1,Itgb1
Col18a1,Itga2
Col18a1,Itga10
Col18a1,Itga11
Col18a1,Itga1
Col4a4,Itgb1
Col4a4,Itga2
Col4a4,Itga10
Col4a4,Itga11
Col4a4,Itga1
Col4a3,Itgb1
Col4a3,Itga2
Col4a3,Itga10
Col4a3,Itga11
Col4a3,Itga1
Col19a1,Itgb1
Col19a1,Itga2
Col19a1,Itga10
Col19a1,Itga11
Col19a1,Itga1
Col28a1,Itgb1
Col28a1,Itga2
Col28a1,Itga10
Col28a1,Itga11
Col28a1,Itga1
Col13a1,Itgb1
Col13a1,Itga2
Col13a1,Itga10
Col13a1,Itga11
Col13a1,Itga1
Col27a1,Itgb1
Col27a1,Itga2
Col27a1,Itga10
Col27a1,Itga11
Col27a1,Itga1
Col26a1,Itgb1
Col26a1,Itga2
Col26a1,Itga10
Col26a1,Itga11
Col26a1,Itga1
Col12a1,Itgb1
Col12a1,Itga2
Col12a1,Itga10
Col12a1,Itga11
Col12a1,Itga1
Col20a1,Itgb1
Col20a1,Itga2
Col20a1,Itga10
Col20a1,Itga11
Col20a1,Itga1
Ppbp,Cxcr1
Pdgfa,Pdgfra
Pdgfc,Pdgfra
Pdgfd,Pdgfrb
C3,C3ar1
Cr2,Fcer2a
Pyy,Npy1r
Pyy,Npy2r
Agt,Agtr1a
Agt,Agtr1b
Ctla4,Cd80
Ctla4,Cd86
Tnfsf15,Tnfrsf25
Ghrl,Ptgir
Hgf,Cd44
Ngf,Ror1
Wnt5a,Ror1
Wnt5a,Fzd1
Kitl,Kit
Epha1,Efna3
Epha1,Efna5
Efna1,Epha1
Epha1,Efna4
Glg1,Sele
Itgav,Fcer2a
Itgb3,Fcer2a
Fgf1,Itgav
Fgf1,Itgb3
Fgf2,Itgav
Fgf2,Itgb3
Itgav,Plaur
Itgb3,Plaur
Itgav,Thy1
Itgb3,Thy1
Itgav,L1cam
Itgb3,L1cam
Itgax,Fcer2a
Itgb2,Fcer2a
Icam1,Itgax
Itgax,Thy1
Itgb2,Thy1
Itgam,Fcer2a
Gm49368,Fcer2a
Itgam,Thy1
Gm49368,Thy1
Itgb2,Jam3
Itgam,Jam3
Gm49368,Jam3
Itgb2,Gp1ba
Itgam,Gp1ba
Gm49368,Gp1ba
Cd28,Cd80
Ntf3,Ntrk2
Ntf3,Ntrk1
Bdnf,Sort1
Il33,Il1rl1
Il33,Il1rap
Ttr,Ddr1
Wnt3,Fzd7
Wnt1,Fzd8
Wnt3a,Fzd8
Wnt5a,Fzd3
Wnt2,Fzd3
Wnt1,Fzd1
Wnt7b,Fzd1
Sema5a,Plxnb3
Il13,Il13ra2
Il15,Il15ra
Kng1,Bdkrb1
Kng2,Bdkrb1
Sema3f,Nrp2
Itgb1,Jam2
Itga4,Jam2
Itgb1,Plaur
Itga4,Plaur
Epha5,Efna3
Epha5,Efna5
Efna1,Epha5
Epha5,Efna4
Gdf9,Tgfbr1
Gdf9,Bmpr2
Gh,Ghr
Gh,Ghr
Tgfb2,Tgfbr3
Cga,Lhcgr
Csf2,Csf2rb
Csf2,Csf2rb2
Csf2,Csf2ra
Edar,Eda
Pdgfc,Flt4
Vegfc,Flt4
Ephb1,Efnb1
Efnb2,Ephb1
Efnb3,Ephb1
Cd72,Sema4d
Il11,Gm13305
Il11,Il11ra1
Il11,Il11ra2
Il11,Il11ra2
Il11,Il11ra2
Il11,Il6st
Il1rn,Il1r2
Il1rn,Il1rap
Il1rn,Il1r1
Ccl3,Ccr3
Ccl3,Ccr1
Ccl3,Ccr1l1
Dsc3,Dsg1c
Dsc3,Dsg1b
Dsc3,Dsg1a
Dsc3,Dsg2
Pgf,Flt1
Sema3c,Nrp2
Vegfc,Kdr
Ceacam10,Ceacam10
Ceacam10,Ceacam2
Ceacam10,Ceacam1
Ceacam2,Ceacam10
Ceacam2,Ceacam2
Ceacam2,Ceacam1
Ceacam1,Ceacam10
Ceacam1,Ceacam2
Ceacam1,Ceacam1
Cd8a,Ceacam10
Cd8a,Ceacam2
Cd8a,Ceacam1
Cd1d1,Ceacam10
Cd1d1,Ceacam2
Cd1d1,Ceacam1
Cd1d2,Ceacam10
Cd1d2,Ceacam2
Cd1d2,Ceacam1
Pthlh,Prlhr
Nppa,Npr3
Nppa,Npr2
Vip,Avpr1a
Avp,Avpr1a
Cd34,Sell
Podxl,Sell
Cntf,Cntfr
Cntf,Lifr
Cntf,Il6st
Ifng,Ifngr1
Ifng,Ifngr2
Ulbp1,Klrk1
Ulbp1,Hcst
Mill2,Klrk1
Mill1,Klrk1
Mill2,Hcst
Mill1,Hcst
Mill2,Klrk1
Mill1,Klrk1
Mill2,Hcst
Mill1,Hcst
Ulbp1,Klrk1
Ulbp1,Hcst
Ulbp1,Klrk1
Ulbp1,Hcst
Raet1e,Klrk1
Raet1d,Klrk1
Raet1e,Hcst
Raet1d,Hcst
Ulbp1,Klrk1
Ulbp1,Hcst
Nampt,Adora2a
Adora2a,Entpd1
Bmp2,Bmpr1a
Bmp2,Bmpr2
Bmp7,Bmpr1a
Bmp7,Bmpr2
Bmp4,Bmpr1a
Bmp4,Bmpr2
Bmp6,Bmpr1a
Bmp6,Bmpr2
Gdf5,Bmpr1a
Gdf5,Bmpr2
Bmp5,Bmpr1a
Bmp5,Bmpr2
Gdf6,Bmpr1a
Gdf6,Bmpr2
Gdf7,Bmpr1a
Gdf7,Bmpr2
Bmp2,Acvr2a
Bmp7,Acvr2a
Bmp4,Acvr2a
Bmp6,Acvr2a
Gdf5,Acvr2a
Bmp5,Acvr2a
Gdf6,Acvr2a
Gdf7,Acvr2a
Bmp2,Acvr2b
Bmp7,Acvr2b
Bmp4,Acvr2b
Bmp6,Acvr2b
Gdf5,Acvr2b
Bmp5,Acvr2b
Gdf6,Acvr2b
Gdf7,Acvr2b
Bmp2,Bmpr1b
Bmp7,Bmpr1b
Bmp4,Bmpr1b
Bmp6,Bmpr1b
Gdf5,Bmpr1b
Bmp5,Bmpr1b
Gdf6,Bmpr1b
Gdf7,Bmpr1b
Bmp7,Acvr1
Bmp6,Acvr1
Bmp5,Acvr1
Tnfsf13b,Tnfrsf13c
Tnfsf13b,Tnfrsf17
Tnfsf13,Tnfrsf17
Tnfsf13b,Tnfrsf13b
Tnfsf13,Tnfrsf13b
Cd40lg,Itga2b
Cd40lg,Itgb3
Cd40lg,Itgb1
Cd40lg,Itga5
Itgb1,L1cam
Itga5,L1cam
Ephb3,Efnb1
Efnb2,Ephb3
Efnb3,Ephb3
Ephb2,Efnb1
Efnb2,Ephb2
Efnb3,Ephb2
Cd274,Cd80
Edn2,Ednra
Cd47,Sirpa
Cd47,Sirpb1c
Cd47,Gm5150
Cd47,Gm9733
Cd47,Sirpb1b
Cd47,Sirpb1a
Cd47,Sirpa
Cd47,Sirpb1c
Cd47,Gm5150
Cd47,Gm9733
Cd47,Sirpb1b
Cd47,Sirpb1a
Cd47,Tyrobp
Cd70,Cd27
Lep,Lepr
Dll1,Notch2
Pecam1,Cd177
Pomc,Mc4r
Agrp,Mc4r
Ptn,Ptprs
Guca2b,Star
Guca2a,Star
Jam3,Jam2
Pthlh,Pth1r
Pthlh,Pth2r
Iapp,Ide
Lilra6,Bst2
Pirb,Bst2
Lilra5,Bst2
Gm14548,Bst2
Gm15448,Bst2
Gm15922,Bst2
Pira2,Bst2
Apln,Aplnr
Psap,Gpr37l1
Wnt3a,Ryk
Wnt3a,Fzd1
Wnt1,Ryk
Gal,Galr1
Galp,Galr1
Gal,Galr2
Galp,Galr2
Gal,Galr3
Galp,Galr3
Ghrl,Ptger3
Icam2,Itgb2
Icam2,Itgal
F11r,Itgb2
F11r,Itgal
Rlf,Rxfp1
Rln1,Rxfp1
Rln1,Rxfp1
Rln1,Rxfp1
Crlf2,Il7r
Crlf2,Crlf2
Il6,Hrh1
Lif,Lifr
Lif,Il6st
Mstn,Acvr1b
Mstn,Acvr2b
Gdf11,Acvr1b
Gdf11,Acvr2b
Gdf3,Acvr1b
Gdf3,Acvr2b
Gdf10,Acvr1b
Gdf10,Acvr2b
Mstn,Acvr2a
Gdf11,Acvr2a
Mstn,Tgfbr1
Gdf11,Tgfbr1
Tnfsf11,Tnfrsf11a
Adora2b,Entpd1
Adora3,Entpd1
Tmigd3,Entpd1
Ifnl2,Il10rb
Ifnl2,Gm21970
Ifnl3,Il10rb
Ifnl3,Gm21970
Ifnl2,Ifnlr1
Ifnl3,Ifnlr1
Ifnl2,Il10rb
Ifnl2,Gm21970
Ifnl3,Il10rb
Ifnl3,Gm21970
Ifnl2,Ifnlr1
Ifnl3,Ifnlr1
Inhbe,Acvr2b
Inhbe,Acvr2a
Grp,Grpr
Ucma,Grpr
Crtam,Cadm1
Igf1,Igf1r
Igf1,Itgb4
Igf1,Itga6
Sirpa,Cd47
Sirpb1c,Cd47
Gm5150,Cd47
Gm9733,Cd47
Sirpb1b,Cd47
Sirpb1a,Cd47
Nppc,Npr1
Adm,Mrgprb2
Adm,Mrgpra1
Adm,Mrgprb8
Adm,Mrgpra6
Adm,Mrgpra4
Adm,Mrgprb3
Adm,Mrgprb1
Adm,Mrgprb4
Adm,Mrgprb5
Adm,Mrgprx1
Adm,Mrgprx2
Adm,Mrgpra9
Adm,Mrgpra3
Adm,Mrgpra2a
Adm,Mrgpra2b
Itgb1,Sema7a
Itga1,Sema7a
Pdgfd,Pdgfra
Ppy,Npy5r
Tnfsf9,Tnfrsf9
Wnt4,Fzd6
Wnt5a,Fzd6
Il20,Il22ra1
Il20,Il20rb
Il20,Il20ra
Il19,Il20ra
Il19,Il20rb
Rarres2,Cmklr1
Rarres2,Gpr1
Wnt5a,Fzd2
Wnt3a,Fzd2
Wnt2,Fzd2
Rspo1,Lgr5
Rspo2,Lgr5
Rspo3,Lgr5
Rspo4,Lgr5
Rspo1,Lgr6
Rspo2,Lgr6
Rspo3,Lgr6
Rspo4,Lgr6
Cxcl16,Cxcr6
Wnt2,Fzd4
Wnt7b,Fzd4
Wnt2b,Fzd4
Wnt2,Fzd9
Wnt7b,Fzd10
Qrfp,Qrfprl
Qrfp,Qrfpr
Icosl,Icos
Icosl,Icos
Tnfsf8,Tnfrsf8
Enho,Gpr19
Cxcl17,Gpr35
Gm28040,Kiss1r
Kiss1,Kiss1r
Nts,Ntsr1
Ppox,Hcrtr2
Cort,Sstr1
Clcf1,Cntfr
Clcf1,Lifr
Clcf1,Il6st
Cd274,Pdcd1
Pdcd1lg2,Pdcd1
Ifnb1,Ifnar1
Ifnb1,Ifnar2
Ifne,Ifnar1
Ifne,Ifnar2
Nrg1,Itgb4
Nrg1,Itga6
Inhbc,Acvr2b
Inhbc,Acvr2a
Ccl3,Ccr8
Il22,Il22ra1
Iltifb,Il22ra1
Il22,Il10rb
Il22,Gm21970
Iltifb,Il10rb
Iltifb,Gm21970
Crh,Crhr2
Igfl3,U2af1l4
Igfl3,Gm49396
Tnfsf18,Tnfrsf18
Scgb3a1,Marco
Il21,Il21r
Il21,Il2rg
Il21,Gm20489
Il9,Il9r
Il9,Il2rg
Il9,Gm20489
Il1f9,Il1rl2
Il1f9,Il1rap
Il1f5,Il1rl2
Il1f5,Il1rap
Il1f8,Il1rl2
Il1f8,Il1rap
Ebi3,Il6st
Ebi3,Il12rb2
Il12a,Il6st
Il12a,Il12rb2
Ebi3,Il27ra
Il27,Il27ra
Il27,Il6st
Il12b,Il12rb1
Il12b,Il23r
Il23a,Il12rb1
Il23a,Il23r
Il18,Il18
Il18,Il18r1
Il18,Il18rap
Il17a,Il17ra
Il17a,Il17rc
Il17f,Il17ra
Il17f,Il17rc
Il12a,Il12rb1
Il12b,Il12rb2
Il4,Il2rg
Il4,Gm20489
Il4,Il4
Il4,Il13ra1
Il4,Il4ra
Il13,Il13ra1
Il13,Il4ra
Bmpr1a,Bmpr1b
Bmpr1a,Bmpr2
Ifna13,Ifnar1
Ifna4,Ifnar1
Ifna12,Ifnar1
Ifna2,Ifnar1
Ifna16,Ifnar1
Ifna9,Ifnar1
Ifna1,Ifnar1
Ifna14,Ifnar1
Ifna15,Ifnar1
Ifna5,Ifnar1
Ifnab,Ifnar1
Ifna11,Ifnar1
Ifna7,Ifnar1
Ifna6,Ifnar1
Ifna13,Ifnar2
Ifna4,Ifnar2
Ifna12,Ifnar2
Ifna2,Ifnar2
Ifna16,Ifnar2
Ifna9,Ifnar2
Ifna1,Ifnar2
Ifna14,Ifnar2
Ifna15,Ifnar2
Ifna5,Ifnar2
Ifnab,Ifnar2
Ifna11,Ifnar2
Ifna7,Ifnar2
Ifna6,Ifnar2
Il17c,Il17ra
Il17c,Il17re
Sema3a,Nrp1
Sema3a,Plxna1
Sema3a,Plxna2
Sema3a,Plxna3
Sema3a,Plxna4
Plxna1,Sema6d
Kdr,Sema6d
Trem2,Sema6d
Tyrobp,Sema6d
Angpt1,Tek
Angpt2,Tek
Angpt4,Tek
Inhba,Acvr1b
Inhba,Acvr2b
Inhba,Acvr2a
Inhba,Acvr1
Inhba,Acvr1c
Inhbb,Acvr1b
Inhbb,Acvr2b
Inhbb,Acvr2a
Inhbb,Acvr1
Inhbb,Acvr1c
Nodal,Acvr1b
Nodal,Acvr2b
Nodal,Tdgf1
Amh,Amhr2
Amh,Bmpr1a
Amh,Bmpr1b
Amh,Acvr1
Lefty1,Tdgf1
Lefty2,Tdgf1
Lefty1,Tdgf1
Lefty2,Tdgf1
Gdnf,Ret
Gdnf,Gfra1
Artn,Ret
Artn,Gfra1
Artn,Gfra3
Nrtn,Ret
Nrtn,Gfra2
Pspn,Ret
Pspn,Gfra4
Cx3cl1,Cx3cr1
Tnfsf4,Tnfrsf4
Xcl1,Xcr1
Xcl1,Xcr1
Cd200r1,Cd200
Cd200r3,Cd200
Cd200r4,Cd200
Cd200r2,Cd200
A2m,Lrp1
Ace,Bdkrb2
Adam10,Axl
Adam10,Epha3
Adam12,Itga9
Adam12,Itgb1
Adam12,Sdc4
Adam15,Itga5
Adam15,Itga9
Adam15,Itgav
Adam15,Itgb1
Adam15,Itgb3
Adam17,Erbb4
Adam17,Itga5
Adam17,Itgb1
Adam17,Notch1
Adam23,Itga5
Adam23,Itgb3
Adam28,Itga4
Adam2,Cd9
Adam2,Itga6
Adam2,Itga9
Adam2,Itgb1
Adam2,Itgb7
Adam9,Itga3
Adam9,Itga6
Adam9,Itgav
Adam9,Itgb1
Adam9,Itgb5
Adcyap1,Vipr1
Adcyap1,Vipr2
Adm2,Calcrl
Adm2,Ramp1
Adm,Calcrl
Adm,Gpr182
Adm,Ramp2
Agrn,Atp1a3
Agrn,Lrp4
Agrn,Musk
Agrp,Sdc3
Agt,Lrp2
Agt,Mas1
Ahsg,Insr
Alb,Lrp2
Amh,Egfr
Angpt1,Itga5
Angpt1,Tie1
Angptl1,Tek
Angptl3,Itga5
Angptl3,Itgav
Angptl3,Itgb3
Anxa1,Dysf
Anxa1,Egfr
Apob,Ldlr
Apob,Lrp2
Apob,Lsr
Apob,Olr1
Apod,Lepr
Apoe,Ldlr
Apoe,Lrp1
Apoe,Lrp2
Apoe,Lrp5
Apoe,Lrp8
Apoe,Scarb1
Apoe,Sorl1
Apoe,Vldlr
App,Cav1
App,Gpc1
App,Lrp1
App,Ncstn
App,Tnfrsf21
Areg,Erbb3
Arf1,Chrm3
Arf1,Insr
Arf1,Pld2
a,Atrn
a,F11r
a,Mc1r
a,Mc4r
Avp,Avpr2
Avp,Oxtr
Azgp1,Itgav
B2m,Hfe
Bgn,Tlr2
Bgn,Tlr4
Bmp10,Acvr2a
Bmp10,Bmpr1a
Bmp10,Bmpr1b
Bmp10,Eng
Bmp2,Acvr1
Bmp2,Eng
Bmp2,Hjv
Bmp7,Eng
Bst1,Cav1
Btc,Erbb2
Btla,Cd79a
Btla,Vtcn1
C1qa,Cd93
C1qa,Cr1l
C1qa,Cspg4
C1qb,Lrp1
C1qtnf1,Avpr2
C3,C5ar2
C3,Cd19
C3,Cd46
C3,Cr1l
C3,Itgax
C3,Lrp1
C4b,C3ar1
C4b,C5ar2
C4b,Cr1l
C4bp,Bmpr2
C4bp,Cd40
C4bp,Lrp1
C4b,Cd46
C4b,Cr1l
Calca,Calcrl
Calca,Ramp1
Calca,Ramp2
Calcb,Calcrl
Calcb,Ramp1
Calr,Itga2b
Calr,Itga3
Calr,Itgav
Calr,Lrp1
Calr,Scarf1
Calr,Tshr
Ccl11,Ackr4
Ccl11,Ccr5
Ccl11,Cxcr3
Ccl17,Ccr8
Ccl19,Ackr2
Ccl19,Ackr2
CR974586.2,Ackr2
CR974586.4,Ackr2
Ccl19,Ccr10
Ccl19,Ccr10
CR974586.2,Ccr10
CR974586.4,Ccr10
Gm13304,Ackr2
Ccl21d,Ackr2
Ccl21c,Ackr2
Ccl21a,Ackr2
Ccl21a,Ackr2
Ccl21b,Ackr2
Ccl21b,Ackr2
Gm10591,Ackr2
Ccl21b,Ackr2
Gm13304,Cxcr3
Ccl21d,Cxcr3
Ccl21c,Cxcr3
Ccl21a,Cxcr3
Ccl21a,Cxcr3
Ccl21b,Cxcr3
Ccl21b,Cxcr3
Gm10591,Cxcr3
Ccl21b,Cxcr3
Gm13306,Ackr2
Ccl27a,Ackr2
Ccl27a,Ackr2
Ccl27a,Ackr2
Ccl28,Ackr2
Ccl2,Ackr4
Ccl2,Ccr1
Ccl2,Ccr1l1
Ccl2,Ccr10
Ccl2,Ccr3
Ccl2,Ccr4
Ccl2,Ccr5
Ccl3,Ackr2
Ccl3,Ccr5
Ccl3,Ccr4
Ccl4,Ccr1
Ccl4,Ccr1l1
Ccl4,Ccr3
Ccl4,Ccr8
Ccl5,Ackr4
Ccl5,Ccr4
Ccl5,Cxcr3
Ccl5,Sdc1
Ccl5,Sdc4
Ccl7,Ackr4
Ccl7,Ccr10
Ccl7,Cxcr3
Ccl8,Ackr4
Ccl12,Ackr4
Cd14,Itga4
Cd14,Itgb1
Cd55,Cr1l
Cd55b,Cr1l
Cd5l,Cd5
Cdh1,Egfr
Cdh1,Igf1r
Cdh1,Ptprf
Cdh1,Ptprm
Cel,Cxcr4
Cga,Tshr
Cgn,F11r
Chad,Itga2
Chad,Itgb1
Clcf1,Crlf1
Cntf,Il6ra
Cntn2,Cntn1
Cntn2,Cntnap2
Cntn2,Nrcam
Cntn4,Ptprg
Col11a1,Ddr1
Col14a1,Cd44
Col18a1,Gpc1
Col18a1,Gpc4
Col18a1,Itga5
Col18a1,Kdr
Col1a1,Cd36
Col1a1,Cd44
Col1a1,Cd93
Col1a1,Ddr1
Col1a1,Ddr2
Col1a1,Itga5
Col1a1,Tmprss6
Col1a2,Cd36
Col1a2,Cd44
Col1a2,Cd93
Col1a2,Itga2b
Col1a2,Itgb3
Col2a1,Ddr1
Col2a1,Itga2b
Col2a1,Mag
Col3a1,Ddr1
Col3a1,Ddr2
Col3a1,Mag
Col4a1,Cd93
Col4a1,Itgav
Col4a1,Itgb8
Col4a2,Cd93
Col4a3,Cd47
Col4a3,Cd93
Col4a3,Itgav
Col4a4,Cd93
Col4a5,Cd93
Col4a6,Cd93
Col5a1,Sdc3
Col5a2,Ddr1
Col5a3,Sdc3
Col9a1,Mag
Col9a2,Mag
Colq,Musk
Cort,Mrgprb2
Cort,Mrgpra1
Cort,Mrgprb8
Cort,Mrgpra6
Cort,Mrgpra4
Cort,Mrgprb3
Cort,Mrgprb1
Cort,Mrgprb4
Cort,Mrgprb5
Cort,Mrgprx1
Cort,Mrgprx2
Cort,Mrgpra9
Cort,Mrgpra3
Cort,Mrgpra2a
Cort,Mrgpra2b
Cort,Sstr2
Cort,Sstr3
Cp,Slc40a1
Crh,Crhr1
Crh,Crhr1
Crp,Olr1
Csf2,Sdc2
Gh,Prlr
Gh,Gm21973
Gh,Prlr
Gh,Gm21973
Gh,Prlr
Gh,Gm21973
Ctf1,Il6st
Ctf1,Lifr
Cthrc1,Fzd3
Cthrc1,Fzd5
Cthrc1,Fzd6
Cubn,Lrp2
Cxcl10,Ccr3
Cxcl10,Sdc4
Cxcl11,Ccr3
Cxcl12,Cd4
Cxcl12,Itgb1
Cxcl13,Ccr10
Cxcl13,Cxcr3
Cxcl9,Ccr3
Ccn1,Itga5
Ccn1,Itgam
Ccn1,Gm49368
Ccn1,Itgav
Ccn1,Itgb2
Ccn1,Itgb3
Ccn1,Itgb5
Dcn,Egfr
Dcn,Erbb4
Dcn,Met
Dhh,Boc
Dhh,Cdon
Dhh,Hhip
Dhh,Ptch1
Dhh,Ptch2
Dkk1,Kremen1
Dkk1,Kremen2
Dkk1,Lrp5
Dkk1,Lrp6
Dkk2,Kremen2
Dkk2,Lrp6
Dlk1,Notch1
Dlk2,Notch1
Dll1,Notch1
Dll1,Notch3
Eda,Eda2r
Eda,Edar
Edil3,Itgav
Edn1,Ednra
Edn1,Ednrb
Edn1,Kel
Edn2,Ednrb
Edn2,Kel
Edn3,Ednra
Edn3,Ednrb
Edn3,Kel
Efemp1,Egfr
Efemp2,Aqp1
Efemp2,Catsper1
Efemp2,Lingo1
Efemp2,Plscr4
Efna1,Epha6
Efna1,Ephb1
Efna3,Epha1
Efna3,Epha2
Efna3,Epha3
Efna3,Epha4
Efna3,Epha5
Efna3,Epha6
Efna3,Epha8
Efna3,Ephb1
Efna4,Epha2
Efna4,Epha3
Efna4,Epha4
Efna4,Epha5
Efna4,Epha6
Efna4,Epha8
Efna5,Epha2
Efna5,Epha3
Efna5,Epha4
Efna5,Epha5
Efna5,Epha6
Efna5,Epha8
Efna5,Ephb1
Efna5,Ephb6
Efnb1,Ephb1
Efnb1,Ephb2
Efnb1,Ephb3
Efnb1,Ephb4
Efnb1,Ephb6
Efnb1,Erbb2
Efnb2,Epha3
Efnb2,Epha6
Efnb2,Ephb6
Efnb2,Grm1
Efnb2,Grm5
Efnb2,Pecam1
Efnb2,Rhbdl2
Efnb3,Rhbdl2
Egf,Erbb2
Egf,Erbb3
Egf,Erbb4
F10,F3
F11,Gp1ba
F12,Cd93
F12,Gp1ba
F13a1,Itga4
F13a1,Itga9
F13a1,Itgb1
F2,F2r
F2,F2rl1
F2,F2rl2
F2,F2rl3
F2,Gp9
F2,Thbd
F7,F3
F8,Asgr2
F8,Ldlr
F8,Lrp1
F9,Lrp1
Fat4,Dchs1
Fbln1,Itgb1
Fbln2,Itgb3
Fbn1,Itgav
Fbn1,Itgb3
Fga,Cdh5
Fga,Itga5
Fga,Itgav
Fga,Itgb1
Fgb,Itga5
Fgb,Itgav
Fgb,Itgb1
Fgf10,Fgfr2
Fgf17,Fgfr1
Fgf17,Fgfr2
Fgf17,Fgfr3
Fgf17,Fgfr4
Fgf18,Fgfr1
Fgf18,Fgfr2
Fgf18,Fgfr3
Fgf18,Fgfr4
Fgf15,Fgfr1
Fgf15,Fgfr2
Fgf15,Fgfr3
Fgf15,Fgfr4
Fgf15,Klb
Fgf1,Fgfr1
Fgf1,Fgfr2
Fgf1,Fgfr3
Fgf1,Fgfr4
Fgf1,Nrp1
Fgf20,Fgfr4
Fgf21,Fgfr4
Fgf22,Fgfr2
Fgf23,Fgfr1
Fgf23,Fgfr2
Fgf23,Fgfr3
Fgf23,Fgfr4
Fgf23,Phex
Fgf2,Cd44
Fgf2,Fgfr1
Fgf2,Fgfr2
Fgf2,Fgfr3
Fgf2,Fgfr4
Fgf2,Fgfrl1
Fgf2,Gpc4
Fgf2,Nrp1
Fgf2,Sdc1
Fgf2,Sdc2
Fgf2,Sdc3
Fgf2,Sdc4
Fgf4,Fgfr1
Fgf4,Fgfr2
Fgf4,Fgfr3
Fgf4,Fgfr4
Fgf4,Nrp1
Fgf5,Fgfr1
Fgf5,Fgfr2
Fgf5,Fgfr3
Fgf5,Fgfr4
Fgf7,Fgfr1
Fgf7,Fgfr2
Fgf7,Fgfr3
Fgf7,Fgfr4
Fgf7,Nrp1
Fgf8,Fgfr1
Fgf8,Fgfr2
Fgf8,Fgfr3
Fgf8,Fgfr4
Fgf9,Fgfr1
Fgf9,Fgfr2
Fgf9,Fgfr3
Fgf9,Fgfr4
Fgg,Itga5
Fgg,Itgav
Fgg,Itgb1
Fgl1,Egfr
Fn1,Cd44
Fn1,Col13a1
Fn1,Itga9
Fn1,Itgb6
Fn1,Itgb8
Fn1,Mag
Fn1,Nt5e
Fn1,Plaur
Fn1,Sdc2
Fn1,Tmprss6
Fn1,Tnfrsf11b
Fn1,Tshr
Gcg,Gcgr
Gcg,Glp1r
Gdf2,Acvr1
Gdf2,Acvr2a
Gdf2,Acvr2b
Gdf2,Eng
Gdf5,Acvr1
Gdf5,Ror2
Gdf9,Acvr2a
Gdf9,Bmpr1a
Gdf9,Bmpr1b
Gdf9,Fxyd6
Gdf9,Orai2
Gdnf,Gfra2
Ghrh,Ghrhr
Ghrl,Ghrhr
Ghrl,Gpr39
Gip,Gipr
Gnai2,Adcy1
Gnai2,Adora1
Gnai2,Adra2a
Gnai2,Adra2b
Gnai2,C5ar1
Gnai2,Cav1
Gnai2,Ccr5
Gnai2,Cnr1
Gnai2,Cxcr1
Gnai2,Cxcr2
Gnai2,Drd2
Gnai2,Ednra
Gnai2,Egfr
Gnai2,F2r
Gnai2,Fpr1
Gnai2,Igf1r
Gnai2,Lhcgr
Gnai2,Lpar3
Gnai2,Oprd1
Gnai2,Oprm1
Gnai2,P2ry12
Gnai2,Ptpru
Gnai2,Tbxa2r
Gnai2,Tshr
Gnas,Adora1
Gnas,Adrb3
Gnas,Avpr2
Gnas,Crhr1
Gnas,Crhr1
Gnas,Gcgr
Gnas,Lhcgr
Gnas,Ptgdr
Gnas,Ptgir
Gnas,Tshr
Gnas,Vipr1
Gnb3,Tgfbr1
Gpc3,Cd81
Gpc3,Igf1r
Gpha2,Tshr
Gpi1,Amfr
Grp,Brs3
Ucma,Brs3
Gstp2,Traf2
Gstp1,Traf2
Guca2a,Gucy2c
Guca2b,Gucy2c
Guca2b,Gucy2e
Gzmb,Chrm3
Gzmc,Chrm3
Gzmb,Igf2r
Gzmc,Igf2r
Has2,Cd44
Has2,Hmmr
Hbegf,Cd82
Hbegf,Cd9
Hbegf,Erbb2
Hcrt,Hcrtr2
Hcrt,Npffr2
Hgf,Sdc1
Hgf,Sdc2
Hgf,St14
H2-Q5,Klri2
H2-Q5,Clec2m
H2-Q5,Klre1
H2-Q5,Klri1
H2-Q5,Klrh1
H2-Bl,Klri2
H2-Bl,Clec2m
H2-Bl,Klre1
H2-Bl,Klri1
H2-Bl,Klrh1
H2-Q5,Klri2
H2-Q5,Clec2m
H2-Q5,Klre1
H2-Q5,Klri1
H2-Q5,Klrh1
H2-Bl,Klri2
H2-Bl,Clec2m
H2-Bl,Klre1
H2-Bl,Klri1
H2-Bl,Klrh1
H2-Q5,Klrd1
H2-Bl,Klrd1
H2-Q5,Klri2
H2-Q5,Clec2m
H2-Q5,Klre1
H2-Q5,Klri1
H2-Q5,Klrh1
H2-Bl,Klri2
H2-Bl,Clec2m
H2-Bl,Klre1
H2-Bl,Klri1
H2-Bl,Klrh1
H2-Q5,Klrd1
H2-Bl,Klrd1
Hmgb1,Sdc1
Hmgb1,Thbd
Hp,Itgam
Hp,Gm49368
Hp,Itgb2
Hras,Agtr1a
Hras,Agtr1b
Hras,Cav1
Hras,Grin2d
Hras,Insr
Hras,Tlr2
Hras,Tlr9
Hrg,Fcgr1
Hsp90aa1,Cftr
Hsp90aa1,Egfr
Hsp90aa1,Fgfr3
Hspg2,Col13a1
Hspg2,Itga2
Hspg2,Itgb1
Hspg2,Ptprs
Iapp,Ramp1
Iapp,Ramp2
Icam1,Egfr
Icam1,Il2ra
Icam1,Il2rg
Icam1,Gm20489
Icam2,Itgam
Icam2,Gm49368
Icam4,Itga2b
Icam4,Itga4
Icam4,Itgam
Icam4,Gm49368
Icam4,Itgav
Icam4,Itgb1
Icam4,Itgb3
Icam4,Rhag
Icam5,Itgal
Icam5,Itgb2
Igf2,Insr
Igfbp4,Fzd8
Igfbp4,Lrp6
Igfl3,Igflr1
Ihh,Boc
Ihh,Cdon
Ihh,Hhip
Ihh,Ptch1
Ihh,Ptch2
Il12a,Cd28
Il13,Il2rg
Il13,Gm20489
Il15,Il2ra
Il16,Cd4
Il16,Grin2c
Il16,Grin2d
Il16,Kcna3
Il16,Kcnd1
Il16,Kcnd2
Il16,Kcnj10
Il16,Kcnj15
Il16,Kcnj4
Il17b,Il17rb
Il18,Il1rapl1
Il18,Il1rl2
Il1b,Adrb2
Il22,Il10ra
Iltifb,Il10ra
Il22,Il22ra2
Iltifb,Il22ra2
Il2,Cd53
Il2,Ngfr
Il31,Il31ra
Il31,Osmr
Il4,Cd53
Il4,Il13ra2
Inha,Acvr2a
Inha,Tgfbr3
Inhba,Bambi
Inhba,Eng
Inhba,Tgfbr3
Inhbc,Acvr1
Inhbc,Acvr1b
Itgb3bp,Itgb3
Itgb3bp,Itgb5
Itih2,Fcer1a
Jag1,Notch1
Jag1,Notch2
Jag1,Notch3
Gm28040,Mmp24
Kiss1,Mmp24
Kitl,Epor
Kng1,Bdkrb2
Kng2,Bdkrb2
Kng1,Cd93
Kng2,Cd93
Kng1,Gp1ba
Kng2,Gp1ba
Kng1,Gpr135
Kng2,Gpr135
Kng1,Itgb2
Kng2,Itgb2
Kng1,Plaur
Kng2,Plaur
Kng1,Rxfp4
Kng2,Rxfp4
Krtap4-7,Aqp1
Gm11555,Aqp1
Krtap4-7,Catsper1
Gm11555,Catsper1
Krtap4-7,Cldn2
Gm11555,Cldn2
Krtap4-7,Cntfr
Gm11555,Cntfr
Krtap4-7,Lingo1
Gm11555,Lingo1
Krtap4-7,Pdgfrb
Gm11555,Pdgfrb
Krtap4-7,Plscr4
Gm11555,Plscr4
L1cam,Cntn1
L1cam,Egfr
L1cam,Erbb2
L1cam,Erbb3
L1cam,Itga5
L1cam,Itgav
Lama1,Itga1
Lama1,Itga2
Lama1,Itga7
Lama1,Itgb1
Lama1,Itgb8
Lama1,Nt5e
Lama1,Tmprss6
Lama2,Itga7
Lama2,Itgb1
Lama3,Sdc2
Lama5,Bcam
Lamb1,Itga6
Lamb1,Itgb1
Lamc2,Itga3
Lamc2,Itga6
Lamc2,Itgb1
Lamc2,Itgb4
Lcn2,Lrp2
Lefty1,Acvr2b
Lefty2,Acvr2b
Lgals3bp,Itgb1
Lin7c,Abca1
Lin7c,Htr2c
Lipc,Lrp1
Liph,Lpar1
Liph,Lpar2
Liph,Lpar4
5430401F13Rik,Lrp2
Gm6619,Lrp2
Lpl,Gpihbp1
Lpl,Lrp1
Lpl,Lrp2
Lpl,Sdc1
Lpl,Vldlr
Lrp1b,Plaur
Lrpap1,Ldlr
Lrpap1,Lrp1
Lrpap1,Lrp2
Lrpap1,Lrp8
Lrpap1,Sorl1
Lrpap1,Sort1
Lrpap1,Vldlr
Ltbp1,Itgb5
Ltbp3,Itgb5
Ltb,Cd40
Ltb,Tnfrsf1a
Ltf,Lrp1
Ltf,Lrp11
Ly86,Cd180
Madcam1,Cd44
Matn1,Itga1
Matn1,Itgb1
Mbl2,Calcr
Mbl2,Cd93
Mdk,Lrp2
Mdk,Sdc1
Mdk,Sdc3
Mdk,Sdc4
Mdk,Tspan1
Mfap2,Notch1
Mfap5,Notch1
Mfge8,Itgav
Mfge8,Itgb3
Mfge8,Pdgfrb
Mfng,Notch1
Mfng,Notch2
Mia,Cdh7
Gm21983,Cdh7
Mmp12,Plaur
Mmp13,Lrp1
Mmp1b,Cd44
Mmp1a,Cd44
Mmp1b,Itga2
Mmp1a,Itga2
Mmp2,Sdc2
Mmp7,Cd151
Mmp7,Cd44
Mmp7,Erbb4
Mmp9,Cd44
Mmp9,Ephb2
Mmp9,Lrp1
Myoc,Fzd1
Myoc,Fzd10
Myoc,Fzd3
Myoc,Fzd4
Myoc,Fzd7
Nampt,Insr
Ncam1,Fgfr1
Ncam1,Gfra1
Ncam1,Robo1
Ncam1,Robo3
Ndp,Fzd4
Ndp,Lgr4
Ngf,Sorcs3
Ngf,Sort1
Nid1,Col13a1
Nid1,Itgav
Nid1,Itgb3
Nid1,Ptprf
Nid2,Col13a1
Nlgn1,Nrxn1
Nlgn1,Nrxn2
Nlgn1,Nrxn3
Nlgn2,Nrxn1
Nlgn2,Nrxn2
Nlgn2,Nrxn3
Nlgn3,Nrxn1
Nlgn3,Nrxn2
Nlgn3,Nrxn3
Nmb,Brs3
Nmb,Grpr
Nodal,Acvr1c
Nodal,Acvr2a
Npnt,Itga8
Npnt,Itgb1
Npy,Fap
Npy,Mc4r
Npy,Npffr2
Npy,Npy1r
Npy,Npy2r
Npy,Npy5r
Npy,Prlhr
Nrg1,Erbb2
Nrtn,Gfra1
Ntf5,Ntrk1
Ntn1,Adora2b
Ntn1,Dcc
Ntn1,Neo1
Ntn1,Unc5a
Ntn1,Unc5b
Ntn1,Unc5c
Ntn1,Unc5d
Ntn4,Dcc
Ntn4,Unc5a
Ntng1,Lrrc4c
Ntng2,Lrrc4
Nts,Ntsr2
Nts,Sort1
Nxph1,Nrxn1
Nxph1,Nrxn2
Nxph1,Nrxn3
Nxph2,Nrxn1
Nxph3,Nrxn1
Nxph3,Nrxn2
Nxph3,Nrxn3
Olfm2,Robo2
Omg,Lingo1
Omg,Rtn4r
Omg,Rtn4rl1
Omg,Tnfrsf1b
Orm3,Ccr5
Orm1,Ccr5
Orm2,Ccr5
Oxt,Avpr1a
Oxt,Avpr2
Oxt,Oxtr
Pcsk9,Vldlr
Pdap1,Pdgfrb
Pdgfc,Kdr
Pdyn,Oprd1
Pdyn,Oprk1
Pdyn,Oprm1
Penk,Ogfr
Penk,Oprd1
Penk,Oprm1
Pgf,Nrp1
Pgf,Nrp2
Pigf,Flt1
Pip,Cd4
Pla2g10,Pla2r1
Plat,Lrp1
Plau,Igf2r
Plau,Lrp1
Plau,Lrp2
Plau,Plaur
Plau,St14
Plg,F2r
Plg,F2rl1
Plg,F3
Plg,Itga9
Plg,Itgb1
Plg,Plgrkt
Pltp,Abca1
Pmch,Mchr1
Pnoc,Oprl1
Podxl2,Sell
Pomc,Oprd1
Pomc,Oprk1
Pomc,Oprm1
Pon2,Htr2a
Prss23,Tmem222
Psap,Celsr1
Psap,Lrp1
Psen1,Ncstn
Psen1,Notch1
Psen1,Notch2
Psen1,Notch3
Pspn,Gfra1
Ptdss1,Jmjd6
Ptdss1,Scarb1
Ptgs2,Cav1
Ptgs2,Ptgdr2
Pth2,Pth1r
Pth2,Pth2r
Ptma,Vipr1
Ptn,Cdh10
Ptn,Ptprb
Ptn,Sdc1
Ptn,Sdc3
Pyy,Fap
Pyy,Npy5r
Qrfp,P2ry14
Rarres2,Ccrl2
Rbp4,Stra6
Reln,Itga3
Reln,Itgb1
Reln,Lrp8
Reln,Vldlr
Ren1,Atp6ap2
Rgma,Neo1
Rgmb,Neo1
Rims1,Cacna1c
Rims2,Abca1
Rnase2a,Tlr2
Ear14,Tlr2
Rnase2b,Tlr2
Ear6,Tlr2
Ear2,Tlr2
Ear1,Tlr2
Ear10,Tlr2
Rph3a,Nrxn1
Rps19,C5ar1
Rspo1,Lrp6
Rspo1,Znrf3
Rspo3,Fzd8
Rspo3,Lrp6
Rspo3,Sdc4
Rtn4,Cntnap1
Rtn4,Lingo1
Rtn4,Rtn4r
Rtn4,Tnfrsf19
S100a8,Tlr4
Gm5849,Tlr4
Scgb1a1,Lmbr1l
Scgb1a1,Lrp2
Scgb3a2,Marco
Sct,Vipr2
Selplg,Sele
Sema3a,Nrp2
Sema3b,Nrp1
Sema3b,Nrp2
Sema3c,Nrp1
Sema3c,Plxnd1
Sema3d,Nrp1
Sema3f,Nrp1
Sema3f,Plxna3
Sema3g,Nrp2
Sema4a,Plxnd1
Sema4b,Dcbld2
Sema4c,Plxnb2
Sema4d,Cd72
Sema4d,Erbb2
Sema4d,Met
Sema4d,Plxnb1
Sema4d,Plxnb2
Sema4f,Nrp2
Sema4g,Plxnb2
Sema5a,Met
Sema6a,Plxna2
Sema6a,Plxna4
Sema6d,Kdr
Sema6d,Plxna1
Sema6d,Trem2
Sema6d,Tyrobp
Sema7a,Itga1
Sema7a,Itgb1
Serpina1a,Lrp1
Serpina1d,Lrp1
Serpina1b,Lrp1
Serpina1e,Lrp1
Serpina1c,Lrp1
Serpina7,Slc16a2
Serpinc1,Lrp1
Serpinc1,Sdc2
Serpine1,Lrp1
Serpine1,Lrp2
Serpine2,Lrp1
Serping1,Lrp1
Serping1,Sele
Serping1,Selp
Sfrp1,Fzd2
Sfrp1,Fzd6
Shbg,Cd177
Shbg,Cldn4
Shbg,Slc37a1
Shh,Boc
Shh,Cdon
Shh,Gpc5
Shh,Hhip
Shh,Lrp2
Shh,Ptch1
Shh,Ptch2
Shh,Smo
Slit1,Gpc1
Slit1,Robo1
Slit1,Sdc1
Slit2,Gpc1
Slit2,Robo1
Slit2,Robo2
Slit2,Robo4
Slit2,Sdc1
Slit3,Robo2
Sorbs1,Insr
Sost,Lrp5
Sost,Lrp6
Spink1,Egfr
Spink1,Nrsn1
Spint1,St14
Spp1,Itga5
Spp1,S1pr1
Sst,Sstr1
Sst,Sstr2
Sst,Sstr3
Sytl3,Nrxn1
Tac1,Tacr1
Tac1,Tacr2
Tac1,Tacr3
Tac2,Tacr1
Tac2,Tacr2
Tac2,Tacr3
Tctn1,Tmem67
Tdgf1,Acvr1b
Tdgf1,Acvr1c
Tdgf1,Acvr2a
Tfpi,Lrp1
Tfpi,Vldlr
Trf,Tfr2
Trf,Tfrc
Tgfa,Erbb2
Tgfa,Erbb4
Tgfb1,Acvrl1
Tgfb1,Eng
Tgfb1,Itgb8
Tgfb1,Sdc2
Tgfb2,Eng
Tgfb3,Acvrl1
Tgfb3,Eng
Tgm2,Itgb1
Tgm2,Itgb3
Tgm2,Sdc4
Tg,Asgr1
Tg,Lrp2
Thbs1,Cd36
Thbs1,Cd47
Thbs1,Itga4
Thbs1,Itga6
Thbs1,Lrp1
Thbs1,Lrp5
Thbs1,Sdc1
Thbs1,Tnfrsf11b
Thbs2,Cd47
Thbs2,Itga4
Thbs2,Itga6
Thbs2,Itgb1
Thbs2,Notch3
Timp1,Cd63
Timp2,Itga3
Timp2,Itgb1
Timp3,Kdr
Tnc,Cntn1
Tnc,Egfr
Tnc,Itga5
Tnc,Itga7
Tnc,Ptprb
Tnfsf10,Tnfrsf11b
Tnfsf11,Tnfrsf11b
Tnfsf12,Tnfrsf25
Tnfsf13,Sdc2
Tnfsf13,Tnfrsf11b
Tnfsf4,Traf2
Tnfsf9,Traf2
Tnf,Tnfrsf21
Tnf,Traf2
Ucn2,Crhr1
Ucn2,Crhr1
Ucn2,Il10rb
Ucn2,Gm21970
Ucn3,Crhr1
Ucn3,Crhr1
Ucn3,Il10rb
Ucn3,Gm21970
Ucn,Crhr1
Ucn,Crhr1
Vasp,Cxcr2
Vcan,Cd44
Vcan,Egfr
Vcan,Itga4
Vcan,Itgb1
Vcan,Selp
Vcan,Tlr2
Vegfa,Ephb2
Vegfa,Gpc1
Vegfa,Nrp1
Vegfb,Nrp1
Vegfc,Nrp2
Vegfc,Vipr2
Vim,Cd44
Vip,Adcyap1r1
Vip,Sctr
Vip,Vipr2
Vtn,Itga5
Vtn,Itga8
Vtn,Itgb6
Vtn,Itgb8
Vtn,Plaur
Vtn,Pvr
Vtn,Tnfrsf11b
Vwf,Itga2b
Vwf,Tnfrsf11b
Wnt11,Fzd7
Wnt1,Fzd3
Wnt1,Fzd9
Wnt1,Lrp5
Wnt1,Lrp6
Wnt2,Fzd1
Wnt2,Fzd5
Wnt2,Fzd7
Wnt2,Fzd8
Wnt3a,Apcdd1
Wnt3a,Fzd5
Wnt3a,Fzd6
Wnt3a,Fzd7
Wnt3a,Lrp1
Wnt3a,Lrp6
Wnt3,Fzd1
Wnt3,Fzd8
Wnt3,Lrp6
Wnt3,Ryk
Wnt4,Fzd2
Wnt5a,Fzd4
Wnt5a,Fzd7
Wnt5a,Fzd8
Wnt5a,Lrp5
Wnt5a,Mcam
Wnt5a,Ror2
Wnt5a,Ryk
Wnt7a,Fzd10
Wnt7a,Fzd9
Wnt7b,Lrp5
Yars,Cxcr1
Sbpl,Cxcr4
Sbpl,Tlr2
Sbpl,Tlr4
Sbpl,Tlr5
Sbpl,Tlr6
Zp3,Mertk
